{
    "image1_keypoints": [
        [
            147.48991935483866,
            73.90524193548384
        ],
        [
            68.20564516129025,
            67.8064516129032
        ],
        [
            16.97580645161281,
            117.81653225806451
        ],
        [
            16.97580645161281,
            189.17237903225802
        ],
        [
            68.20564516129025,
            199.54032258064515
        ],
        [
            140.1713709677419,
            197.71068548387095
        ],
        [
            213.96673387096772,
            142.82157258064515
        ],
        [
            207.86794354838707,
            100.73991935483869
        ]
    ],
    "image2_keypoints": [
        [
            160.29737903225805,
            81.77822580645159
        ],
        [
            91.38104838709677,
            65.31149193548384
        ],
        [
            32.83266129032256,
            78.72883064516128
        ],
        [
            23.684475806451644,
            185.45766129032256
        ],
        [
            84.0625,
            212.29233870967732
        ],
        [
            182.86290322580646,
            200.0947580645161
        ],
        [
            191.40120967741936,
            156.1834677419355
        ],
        [
            202.9889112903226,
            103.73387096774195
        ]
    ]
}